name,category
Performing arts,Arts and culture
Sculpting,Arts and culture
Bodyart,Arts and culture
Cartoonist,Arts and culture
Fabric Painting,Arts and culture
Fine Art,Arts and culture
Illustration,Arts and culture
Metalwork,Arts and culture
Paintings,Arts and culture
Wall Art,Arts and culture
Mosaics,Arts and culture
Car,Automotive
Motorcycle,Automotive
Off-road vehicles,Automotive
Electric Vehicles,Automotive
Hybrid Vehicles,Automotive
Pick-up Trucks,Automotive
Battery,Automotive
Tires & Wheels,Automotive
Electronics,Automotive
Oil and Lubricant,Automotive
Skincare,Beauty
Makeup,Beauty
Haircare,Beauty
Nail care,Beauty
Personal care,Beauty
Body care,Beauty
Men's grooming,Beauty
Anti-aging,Beauty
Beauty tech,Beauty
Marketing,Business
Entrepreneur,Business
Finance,Business
Leadership,Business
Real Estate,Business
Legal,Business
HR,Business
Construction,Business
Debt Settlement,Business
Bitcoin,Business
Investing,Business
Credit card,Business
Mortgage,Business
Cryptocurrency,Business
Investing,Business
Budgeting,Business
Financial independence,Business
Resume writing,Business
Business Ideas,Business
Career Planning,Business
Copywriting,Business
Data Entry,Business
Job Interviews,Business
Leadership Development,Business
Online Degree,Business
Retirement,Business
Sales Skills,Business
Software Developer,Business
Startup,Business
Tax Help,Business
Unemployment,Business
Wealthy,Business
Sewing,Craft
Crochet,Craft
Beading,Craft
Calligraphy,Craft
Craft Supplies,Craft
Crochet,Craft
DIY Jewelry,Craft
DIY Tutorials,Craft
Embroidery,Craft
Felting,Craft
Floral Design,Craft
Fretwork,Craft
Knitting,Craft
Netting,Craft
Origami,Craft
Paper Craft,Craft
Pottery,Craft
Sewing,Craft
Shirt Printing,Craft
Stamping,Craft
Stickers,Craft
Weaving,Craft
Woodworking,Craft
Career,Education
Math,Education
Learning,Education
Dj equipment,Entertainment
Music,Entertainment
Gift,Entertainment
Quotes,Entertainment
Inspiration,Entertainment
Speaker,Entertainment
Sound,Entertainment
Celebrity,Entertainment
Audio,Entertainment
Movie reviews,Entertainment
Celebrity gossip,Entertainment
Music reviews,Entertainment
Songwriting,Entertainment
Dj Equipment,Entertainment
Bass,Entertainment
Dynamic Microphone,Entertainment
Electronic Drum Kit,Entertainment
Flute Lessons,Entertainment
Guitar,Entertainment
Guitar Lessons,Entertainment
Headphones,Entertainment
Sing,Entertainment
Instrumentals,Entertainment
Microphones,Entertainment
MIDI Keyboard,Entertainment
Music Players,Entertainment
Music Producing,Entertainment
Music Videos,Entertainment
Music Writing,Entertainment
Piano,Entertainment
Piano Lessons,Entertainment
Singing Lessons,Entertainment
Soundproofing,Entertainment
Studio Monitors,Entertainment
Studio Rental,Entertainment
Ukulele,Entertainment
Violin,Entertainment
Clothing,Fashion
Footwear,Fashion
Jewelry,Fashion
Watches,Fashion
Sunglasses,Fashion
bags,Fashion
Fitness,Health
Nutrition,Health
Vitamins,Health
Sleep,Health
Mental Health,Health
Men?s Health,Health
Women?s Health,Health
Skin-care,Health
Supplements,Health
Interior Design,Home Improvement
DIY,Home Improvement
Home Appliances,Home Improvement
HVAC,Home Improvement
Home Safety and Security,Home Improvement
Flooring and Tiling,Home Improvement
Painting and Wallpapering,Home Improvement
Remodeling,Home Improvement
Furniture and Decor,Home Improvement
Tools,Home Improvement
Garage,Home Improvement
Plumbing,Home Improvement
Roofing,Home Improvement
Windows,Home Improvement
Storage & Organization,Home Improvement
Appliances,Kitchen
Food,Kitchen
Cooking,Kitchen
Beverage,Kitchen
Cookware,Kitchen
Tableware,Kitchen
Decor,Kitchen
Furniture,Kitchen
Lifestyle,Kitchen
Resturant,Kitchen
Travel,Kitchen
Diet/Keto,Kitchen
Kids,Lifestyle and hobbies
Jewelry,Lifestyle and hobbies
Baby,Lifestyle and hobbies
Fashion,Lifestyle and hobbies
Lifestyle,Lifestyle and hobbies
Sleep,Lifestyle and hobbies
Drawing,Lifestyle and hobbies
Self care,Lifestyle and hobbies
Relationship,Lifestyle and hobbies
Beauty,Lifestyle and hobbies
Innovation,Lifestyle and hobbies
Art and craft,Lifestyle and hobbies
Tattoo,Lifestyle and hobbies
Craft,Lifestyle and hobbies
Cruises,Lifestyle and hobbies
Travel,Lifestyle and hobbies
Adventure Holidays,Lifestyle and hobbies
Adventure Tourism,Lifestyle and hobbies
African Safari,Lifestyle and hobbies
Backpacking,Lifestyle and hobbies
Cheap Airfare,Lifestyle and hobbies
Cheap Travel Tips,Lifestyle and hobbies
Couple Travelling,Lifestyle and hobbies
Family Vacation,Lifestyle and hobbies
Food Tourism,Lifestyle and hobbies
Travel Luggage,Lifestyle and hobbies
?Travel Tips,Lifestyle and hobbies
War Tourism,Lifestyle and hobbies
Wildlife Tourism,Lifestyle and hobbies
?Vacation Destinations,Lifestyle and hobbies
Online dating,Lifestyle and hobbies
Marriage,Lifestyle and hobbies
Vintage Wedding Dress,Lifestyle and hobbies
Beach Weddings,Lifestyle and hobbies
Bridal Shower,Lifestyle and hobbies
Bridal Gown,Lifestyle and hobbies
Destination Wedding,Lifestyle and hobbies
Groomsmen Gift Ideas,Lifestyle and hobbies
Wedding Advisors,Lifestyle and hobbies
Wedding Dress,Lifestyle and hobbies
Wedding Gown,Lifestyle and hobbies
Wedding Planner,Lifestyle and hobbies
Wedding Supplies,Lifestyle and hobbies
Wedding Venues,Lifestyle and hobbies
Divorce,Lifestyle and hobbies
Parenting,Lifestyle and hobbies
Adoption,Lifestyle and hobbies
Baby Care,Lifestyle and hobbies
Baby Gear,Lifestyle and hobbies
Baby Shower,Lifestyle and hobbies
Baby Strollers,Lifestyle and hobbies
Bed Wetting,Lifestyle and hobbies
Birth,Lifestyle and hobbies
Daycare,Lifestyle and hobbies
Maternity,Lifestyle and hobbies
Pregnancy,Lifestyle and hobbies
Martial Arts,Lifestyle and hobbies
Boxing,Lifestyle and hobbies
Judo,Lifestyle and hobbies
Karate,Lifestyle and hobbies
Kendo,Lifestyle and hobbies
Kenpo,Lifestyle and hobbies
Self Defense,Lifestyle and hobbies
Shaolin Kung Fu,Lifestyle and hobbies
Sumo Wrestling,Lifestyle and hobbies
Taekwondo,Lifestyle and hobbies
Wing Chun,Lifestyle and hobbies
Women?s MMA,Lifestyle and hobbies
Wrestling,Lifestyle and hobbies
Wushu,Lifestyle and hobbies
Piano,Music
Guitar,Music
Drums,Music
Bass guitar,Music
Keyboard,Music
Violin,Music
Headphone,Music
Microphone,Music
Speaker,Music
Software,Music
Hunting,Outdoor & Recreation
Fishing,Outdoor & Recreation
Camping,Outdoor & Recreation
Hiking,Outdoor & Recreation
Survival & Tactical,Outdoor & Recreation
Climbing,Outdoor & Recreation
Adventure,Outdoor & Recreation
Biking,Outdoor & Recreation
Motors,Outdoor & Recreation
Kids,Parenting
Motherhood,Parenting
Pet food,Pet
Pet supplies,Pet
Pet health,Pet
Pet technology,Pet
Pet training,Pet
Pet grooming,Pet
Numerology,Society and culture
Spirituality,Society and culture
Fastive,Society and culture
Angel numbers,Society and culture
Symbolism,Society and culture
Astrology,Society and culture
History,Society and culture
Culture,Society and culture
Crystal,Society and culture
Tarot,Society and culture
Astrology,Society and culture
Hypnosis,Society and culture
Magic,Society and culture
Paranormal,Society and culture
Psychics,Society and culture
Religion,Society and culture
Witchcraft,Society and culture
soccer,Sports
basketball,Sports
football,Sports
volleyball,Sports
hockey,Sports
tennis,Sports
golf,Sports
swimming,Sports
cricket,Sports
baseball,Sports
softball,Sports
archery,Sports
running,Sports
cycling,Sports
racing,Sports
Gymnastics,Sports
Winter sports,Sports
Water sports,Sports
Web,Technology
Gadgets,Technology
Computer,Technology
Gaming,Technology
Saas,Technology
Apps,Technology
AI,Technology
Domain & Hosting,Technology
Networking,Technology
Privacy & Security,Technology
Crypto,Technology
Software,Technology
Domain,Technology
Graphics,Technology
Tech Education,Technology
Digital Marketing,Technology
PHOTOGRAPHY,Travel
Hotel,Travel
Lifystyle,Travel
Travel Insurance,Travel
Gear,Travel
Food,Travel
